[
{
  "model": "auth.user",
  "pk": 3000,
  "fields": {
    "password": "pbkdf2_sha256$100000$pfjFR7vOrIo2$DfWdWsXHQ+T4D/bOjjQwge3KsoxDkwCjBrvGe8LrbQM=",
    "last_login": null,
    "is_superuser": false,
    "username": "admin",
    "first_name": "",
    "last_name": "",
    "email": "",
    "is_staff": false,
    "is_active": true,
    "date_joined": "2018-04-09T19:05:40.959Z",
    "groups": [],
    "user_permissions": []
  }
},
{
  "model": "cloudlaunch.authtoken",
  "pk": "1",
  "fields": {
    "user": 3000,
    "name": "CLI",
    "key": "272f075f152e59fd5ea55ca2d21728d2bfe37077",
    "created": "2018-04-09T19:05:41.077Z"
  }
},
{
  "model": "djcloudbridge.userprofile",
  "pk": "admin",
  "fields": {
    "user": 3000
  }
},
{
  "model": "djcloudbridge.credentials",
  "pk": 11,
  "fields": {
    "added": "2017-11-15T03:26:16.880Z",
    "updated": "2017-11-15T03:26:16.880Z",
    "name": "aws_dummy_creds",
    "user_profile": "admin",
    "polymorphic_ctype": [
        "djcloudbridge",
        "awscredentials"
    ]
  }
},
{
  "model": "djcloudbridge.cloudcredentials",
  "pk": 11,
  "fields": {
    "default": true,
    "cloud": "aws"
  }
},
{
  "model": "djcloudbridge.awscredentials",
  "pk": 11,
  "fields": {
    "aws_access_key": "AKIAJW2XCYO4AF55XFEQ",
    "aws_secret_key": "duBG5EHH5eD9H/wgqF+nNKB1xRjISTVs9L/DummY"
  }
},
{
  "model": "djcloudbridge.cloud",
  "pk": "aws",
  "fields": {
    "name": "Amazon Web Services",
    "access_instructions_url": "https://aws-portal.amazon.com/gp/aws/developer/account/index.html?action=access-key",
    "polymorphic_ctype": [
        "djcloudbridge",
        "awscloud"
    ]
  }
},
{
  "model": "djcloudbridge.cloud",
  "pk": "jetstream",
  "fields": {
    "name": "Jetstream",
    "access_instructions_url": "https://galaxyproject.org/cloud/jetstream/allocation/#api-access",
    "polymorphic_ctype": [
        "djcloudbridge",
        "openstackcloud"
    ]
  }
},
{
  "model": "djcloudbridge.cloud",
  "pk": "nectar",
  "fields": {
    "name": "NeCTAR",
    "access_instructions_url": "http://vlsci.github.io/lscc_docs/tutorials/gvl_launch/gvl_launch/",
    "polymorphic_ctype": [
        "djcloudbridge",
        "openstackcloud"
    ]
  }
},
{
  "model": "djcloudbridge.awscloud",
  "pk": "aws",
  "fields": {
  }
},
{
  "model": "djcloudbridge.openstackcloud",
  "pk": "jetstream",
  "fields": {
    "auth_url": "https://jblb.jetstream-cloud.org:35357/v3",
    "identity_api_version": "v3.0"
  }
},
{
  "model": "djcloudbridge.openstackcloud",
  "pk": "nectar",
  "fields": {
    "auth_url": "https://keystone.rc.nectar.org.au:5000/v3/",
    "identity_api_version": "v3.0"
  }
},
{
  "model": "djcloudbridge.region",
  "pk": 1,
  "fields": {
    "name": "ap-southeast-2",
    "region_id": "amazon-ap-sydney",
    "cloud": "aws",
    "polymorphic_ctype": [
        "djcloudbridge",
        "awsregion"
    ]
  }
},
{
  "model": "djcloudbridge.region",
  "pk": 2,
  "fields": {
    "name": "us-east-1",
    "region_id": "amazon-us-east",
    "cloud": "aws",
    "polymorphic_ctype": [
        "djcloudbridge",
        "awsregion"
    ]
  }
},
{
  "model": "djcloudbridge.region",
  "pk": 3,
  "fields": {
    "name": "RegionOne",
    "region_id": "jetstream-region",
    "cloud": "jetstream",
    "polymorphic_ctype": [
        "djcloudbridge",
        "openstackregion"
    ]
  }
},
{
  "model": "djcloudbridge.region",
  "pk": 4,
  "fields": {
    "name": "Melbourne",
    "region_id": "nectar-mel",
    "cloud": "nectar",
    "polymorphic_ctype": [
        "djcloudbridge",
        "openstackregion"
    ]
  }
},
{
  "model": "djcloudbridge.awsregion",
  "pk": 1,
  "fields": {
    "ec2_endpoint_url": "https://ec2.ap-southeast-2.amazonaws.com",
    "ec2_is_secure": true,
    "ec2_validate_certs": true,
    "s3_endpoint_url": "https://s3.ap-southeast-2.amazonaws.com",
    "s3_is_secure": true,
    "s3_validate_certs": true
  }
},
{
  "model": "djcloudbridge.awsregion",
  "pk": 2,
  "fields": {
    "ec2_endpoint_url": "https://ec2.us-east-1.amazonaws.com",
    "ec2_is_secure": true,
    "ec2_validate_certs": true,
    "s3_endpoint_url": "https://s3.amazonaws.com",
    "s3_is_secure": true,
    "s3_validate_certs": true
  }
},
{
  "model": "djcloudbridge.openstackregion",
  "pk": 3,
  "fields": {
  }
},
{
  "model": "djcloudbridge.openstackregion",
  "pk": 4,
  "fields": {
  }
},
{
  "model": "djcloudbridge.zone",
  "pk": 1,
  "fields": {
    "zone_id": "default",
    "name": "us-east-1a",
    "region": 1
  }
},
{
  "model": "djcloudbridge.zone",
  "pk": 2,
  "fields": {
    "zone_id": "default",
    "name": "us-east-1b",
    "region": 2
  }
},
{
  "model": "djcloudbridge.zone",
  "pk": 3,
  "fields": {
    "zone_id": "default",
    "name": "us-east-1c",
    "region": 3
  }
},
{
  "model": "djcloudbridge.zone",
  "pk": 4,
  "fields": {
    "zone_id": "default",
    "name": "",
    "region": 4
  }
},
{
  "model": "cloudlaunch.image",
  "pk": 12,
  "fields": {
    "added": "2016-06-29T08:18:34.792Z",
    "updated": "2017-01-24T12:19:16.349Z",
    "name": "Ubuntu 16.04",
    "image_id": "dd8c8969-5e4f-4482-9097-c5a896bc46f8",
    "description": "Ubuntu 16.04 Xenial",
    "region": 4
  }
},
{
  "model": "cloudlaunch.image",
  "pk": 14,
  "fields": {
    "added": "2016-12-23T15:05:05.395Z",
    "updated": "2017-11-22T17:11:51.600Z",
    "name": "Ubuntu 16.04",
    "image_id": "3e2cfdd5-f726-4535-b035-26f72917aa96",
    "description": "https://jblb.jetstream-cloud.org/dashboard/project/ngdetails/OS::Glance::Image/9b3a67a2-2c0e-4d6d-af64-90d66e6312e1",
    "region": 3
  }
},
{
  "model": "cloudlaunch.image",
  "pk": 15,
  "fields": {
    "added": "2017-01-03T20:21:08.039Z",
    "updated": "2017-01-06T04:39:59.117Z",
    "name": "Ubuntu 16.04 with Docker",
    "image_id": "ami-54fd1842",
    "description": "",
    "region": 2
  }
},
{
  "model": "cloudlaunch.deploymenttarget",
  "pk": 1,
  "fields": {
    "polymorphic_ctype": [
        "cloudlaunch",
        "clouddeploymenttarget"
    ]
  }
},
{
  "model": "cloudlaunch.deploymenttarget",
  "pk": 2,
  "fields": {
    "polymorphic_ctype": [
        "cloudlaunch",
        "clouddeploymenttarget"
    ]
  }
},
{
  "model": "cloudlaunch.deploymenttarget",
  "pk": 3,
  "fields": {
    "polymorphic_ctype": [
        "cloudlaunch",
        "clouddeploymenttarget"
    ]
  }
},
{
  "model": "cloudlaunch.clouddeploymenttarget",
  "pk": 1,
  "fields": {
    "target_zone_id": 2
  }
},
{
  "model": "cloudlaunch.clouddeploymenttarget",
  "pk": 2,
  "fields": {
    "target_zone_id": 3
  }
},
{
  "model": "cloudlaunch.clouddeploymenttarget",
  "pk": 3,
  "fields": {
    "target_zone_id": 4
  }
},
{
  "model": "cloudlaunch.application",
  "pk": "cl_test_app",
  "fields": {
    "added": "2016-06-27T22:10:17.212Z",
    "updated": "2017-12-22T21:38:44.060Z",
    "name": "CloudLaunch integration test app",
    "status": "LIVE",
    "summary": "An app that uses mock drivers to simulate a VM launch",
    "maintainer": "cloudve.org",
    "description": "An app that uses mock drivers to simulate a VM launch.",
    "info_url": "",
    "icon_url": "https://upload.wikimedia.org/wikipedia/commons/3/3a/Logo-ubuntu_no%28r%29-black_orange-hex.svg?download",
    "default_launch_config": "",
    "default_version": 5,
    "display_order": 1030,
    "category": []
  }
},
{
  "model": "cloudlaunch.applicationversion",
  "pk": 5,
  "fields": {
    "application": "cl_test_app",
    "version": "16.04",
    "frontend_component_path": "app/marketplace/plugins/plugins.module#PluginsModule",
    "frontend_component_name": "clui-ubuntu-config",
    "backend_component_name": "cloudlaunch.backend_plugins.cl_integration_test_app.CloudLaunchIntegrationTestApp",
    "default_launch_config": "",
    "default_target": 2
  }
},
{
  "model": "cloudlaunch.applicationversiontargetconfig",
  "pk": 11,
  "fields": {
    "application_version": 1,
    "target_id": 3,
    "default_launch_config": "{\r\n   \"config_cloudlaunch\": {\r\n       \"instanceType\": \"m1.small\",\r\n       \"firewall\": [\r\n          {\r\n             \"securityGroup\": \"cloudlaunch-vm\",\r\n             \"rules\": [\r\n                {\r\n                   \"protocol\": \"tcp\",\r\n                   \"from\": \"80\",\r\n                   \"to\": \"80\",\r\n                   \"cidr\": \"0.0.0.0/0\"\r\n                },\r\n                {\r\n                   \"protocol\": \"tcp\",\r\n                   \"from\": \"22\",\r\n                   \"to\": \"22\",\r\n                   \"cidr\": \"0.0.0.0/0\"\r\n                },\r\n                {\r\n                   \"protocol\": \"tcp\",\r\n                   \"from\": \"20\",\r\n                   \"to\": \"21\",\r\n                   \"cidr\": \"0.0.0.0/0\"\r\n                },\r\n                {\r\n                   \"protocol\": \"tcp\",\r\n                   \"from\": \"30000\",\r\n                   \"to\": \"30100\",\r\n                   \"cidr\": \"0.0.0.0/0\"\r\n                }\r\n             ]\r\n          }\r\n       ]\r\n    }\r\n}",
    "polymorphic_ctype": [
        "cloudlaunch",
        "applicationversioncloudconfig"
    ]
  }
},
{
  "model": "cloudlaunch.applicationversiontargetconfig",
  "pk": 13,
  "fields": {
    "application_version": 1,
    "target_id": 2,
    "default_launch_config": "{\r\n   \"config_cloudlaunch\": {\r\n        \"instanceType\": \"m1.tiny\",\r\n       \"firewall\": [\r\n          {\r\n             \"securityGroup\": \"cloudlaunch-vm\",\r\n             \"rules\": [\r\n                {\r\n                   \"protocol\": \"tcp\",\r\n                   \"from\": \"80\",\r\n                   \"to\": \"80\",\r\n                   \"cidr\": \"0.0.0.0/0\"\r\n                },\r\n                {\r\n                   \"protocol\": \"tcp\",\r\n                   \"from\": \"22\",\r\n                   \"to\": \"22\",\r\n                   \"cidr\": \"0.0.0.0/0\"\r\n                }\r\n             ]\r\n          }\r\n       ]\r\n    }\r\n}",
    "polymorphic_ctype": [
        "cloudlaunch",
        "applicationversioncloudconfig"
    ]
  }
},
{
  "model": "cloudlaunch.applicationversiontargetconfig",
  "pk": 7,
  "fields": {
    "application_version": 1,
    "target_id": 1,
    "default_launch_config": "{\r\n   \"config_cloudlaunch\": {\r\n       \"instanceType\": \"t2.small\",\r\n       \"firewall\": [\r\n          {\r\n             \"securityGroup\": \"cloudlaunch-vm\",\r\n             \"rules\": [\r\n                {\r\n                   \"protocol\": \"tcp\",\r\n                   \"from\": \"80\",\r\n                   \"to\": \"80\",\r\n                   \"cidr\": \"0.0.0.0/0\"\r\n                },\r\n                {\r\n                   \"protocol\": \"tcp\",\r\n                   \"from\": \"22\",\r\n                   \"to\": \"22\",\r\n                   \"cidr\": \"0.0.0.0/0\"\r\n                }\r\n             ]\r\n          }\r\n       ]\r\n    }\r\n}",
    "polymorphic_ctype": [
        "cloudlaunch",
        "applicationversioncloudconfig"
    ]
  }
},
{
  "model": "cloudlaunch.applicationversioncloudconfig",
  "pk": 11,
  "fields": {
    "image": 12
  }
},
{
  "model": "cloudlaunch.applicationversioncloudconfig",
  "pk": 13,
  "fields": {
    "image": 14
  }
},
{
  "model": "cloudlaunch.applicationversioncloudconfig",
  "pk": 7,
  "fields": {
    "image": 15
  }
}
]
